id,name
1,Emily Johnson
2,Michael Williams
3,Sophia Brown
4,James Davis
5,Emma Miller
6,Olivia Wilson
7,Alexander Jones
8,Ava Taylor
9,Ethan Martinez
10,Isabella Anderson
11,Liam Garcia
12,Mia Rodriguez
13,Noah Hernandez
14,Charlotte Lopez
15,William Gonzalez
16,Avery Perez
17,Evelyn Sanchez
18,Logan Torres
19,Abigail Rivera
20,Jackson Evans
21,Madison Collins
22,Elijah Stewart
23,Chloe Morales
24,Mateo Nguyen
25,Harper Kelly
26,Evelyn Gonzalez
27,Daniel Cook
28,Lily Lee
29,Henry Hill
30,Addison Wright
